model,seed,window_size,runtime,delay,precision,recall,specificity,f1-score,auc,false alarm rate,miss rate,gain,thresh
QUANT,0,10,4.626186082726529,-1.5828571428571425,0.8636363636363636,0.9047619047619048,0.9999988033009746,0.8837209302325582,0.9523803540314397,0.430775563538199,0.287183709025466,9.259286983768206e-07,0.5
QUANT,1,10,4.65276166510339,-1.3447619047619046,0.8260869565217391,0.9047619047619048,0.9999984044012995,0.8636363636363636,0.9523801545816022,0.574367418050932,0.287183709025466,9.259281466916017e-07,0.5
QUANT,2,10,4.64432384581871,-1.535238095238095,0.8260869565217391,0.9047619047619048,0.9999984044012995,0.8636363636363636,0.9523801545816022,0.574367418050932,0.287183709025466,9.259281466916017e-07,0.5
QUANT,0,10,4.618757373881102,-3.63047619047619,0.84,1.0,0.9999984044012995,0.9130434782608695,0.9999992022006498,0.574367418050932,0.0,9.259314755026491e-07,0.4141414141414142
QUANT,1,10,4.646433493250345,-4.916190476190476,0.84,1.0,0.9999984044012995,0.9130434782608695,0.9999992022006498,0.574367418050932,0.0,9.259314755026491e-07,0.4141414141414142
QUANT,2,10,4.65249776321942,-3.5828571428571427,0.84,1.0,0.9999984044012995,0.9130434782608695,0.9999992022006498,0.574367418050932,0.0,9.259314755026491e-07,0.4141414141414142
